Price,Income,Distance,Shirota,Fed,Population
14.37,3468.316667,9170,43,dfo,1828
15.4,4139.083333,440,56,pfo,3159
15.47,3549.1,9170,43,dfo,1828
15.56,4463.8,9170,43,dfo,1828
15.78,3739.1,9170,43,dfo,1828
15.91,3615.058333,9170,43,dfo,1828
16.04,3387.533333,9170,43,dfo,1828
16.06,3681.016667,9170,43,dfo,1828
16.28,4072.266667,440,56,pfo,3159
16.39,3746.975,9170,43,dfo,1828
16.39,3806.1,9170,43,dfo,1828
16.47,3672.1,9170,43,dfo,1828
16.64,3888.716667,9170,43,dfo,1828
16.69,3971.333333,9170,43,dfo,1828
16.7,4397.6,9170,43,dfo,1828
16.79,6136.691667,9170,43,dfo,1828
16.79,4053.95,9170,43,dfo,1828
16.87,4530,9170,43,dfo,1828
16.87,4136.566667,9170,43,dfo,1828
16.91,3812.933333,9170,43,dfo,1828
16.93,4683.8,9170,43,dfo,1828
16.96,4606.9,9170,43,dfo,1828
16.98,3306.75,9170,43,dfo,1828
17.04,3878.891667,9170,43,dfo,1828
17.04,4514.2,9170,43,dfo,1828
17.11,3977.458333,9170,43,dfo,1828
17.12,4219.183333,9170,43,dfo,1828
17.14,4760.7,9170,43,dfo,1828
17.15,3944.85,9170,43,dfo,1828
17.15,4427.4,9170,43,dfo,1828
17.25,7067.8,9170,43,dfo,1828
17.26,4837.6,9170,43,dfo,1828
17.27,4205.9,440,56,pfo,3159
17.28,4914.5,9170,43,dfo,1828
17.31,4005.45,440,56,pfo,3159
17.32,4991.4,9170,43,dfo,1828
17.32,4301.8,9170,43,dfo,1828
17.33,4601,9170,43,dfo,1828
17.36,5575.125,440,56,pfo,3159
17.39,6933.216667,9170,43,dfo,1828
17.4,4331.4,9170,43,dfo,1828
17.41,6320.45,440,56,pfo,3159
17.41,4340.6,9170,43,dfo,1828
17.41,3605.1,9170,43,dfo,1828
17.42,4033.1,9170,43,dfo,1828
17.45,3758.5,9170,43,dfo,1828
17.48,4293.383333,440,56,pfo,3159
17.48,5362.175,440,56,pfo,3159
17.48,3455.966667,9170,43,dfo,1828
17.49,4380.866667,440,56,pfo,3159
17.49,5468.65,440,56,pfo,3159
17.5,4988.7,9170,43,dfo,1828
17.52,6426.925,440,56,pfo,3159
17.53,6798.633333,9170,43,dfo,1828
17.53,5387.883333,9170,43,dfo,1828
17.54,6533.4,440,56,pfo,3159
17.55,3676.4,9170,43,dfo,1828
17.57,6030.783333,9170,43,dfo,1828
17.58,5721.966667,9170,43,dfo,1828
17.58,4797.5,9170,43,dfo,1828
17.58,4893.1,9170,43,dfo,1828
17.59,5452.8,9170,43,dfo,1828
17.6,6242.6,9170,43,dfo,1828
17.61,5587.383333,9170,43,dfo,1828
17.62,4274.641667,9170,43,dfo,1828
17.63,3512.2,9170,43,dfo,1828
17.65,6213.975,440,56,pfo,3159
17.65,5991.133333,9170,43,dfo,1828
17.65,5084.3,9170,43,dfo,1828
17.66,4687.8,9170,43,dfo,1828
17.66,4126.616667,9170,43,dfo,1828
17.67,4714.883333,9170,43,dfo,1828
17.68,4730.8,440,56,pfo,3159
17.68,5255.7,440,56,pfo,3159
17.69,5681.6,440,56,pfo,3159
17.69,5856.55,9170,43,dfo,1828
17.7,4774.6,9170,43,dfo,1828
17.71,3225.966667,9170,43,dfo,1828
17.72,6379.675,9170,43,dfo,1828
17.72,5179.9,9170,43,dfo,1828
17.73,4555.833333,440,56,pfo,3159
17.74,2660.483333,9170,43,dfo,1828
17.75,5375.9,9170,43,dfo,1828
17.77,4643.316667,440,56,pfo,3159
17.78,6125.716667,9170,43,dfo,1828
17.78,3921.816667,9170,43,dfo,1828
17.8,4468.35,440,56,pfo,3159
17.8,6664.05,9170,43,dfo,1828
17.8,6516.75,9170,43,dfo,1828
17.8,3145.183333,9170,43,dfo,1828
17.83,5466.1,9170,43,dfo,1828
17.84,3594.3,9170,43,dfo,1828
17.86,5788.075,440,56,pfo,3159
17.86,5299,9170,43,dfo,1828
17.9,5275.5,9170,43,dfo,1828
17.92,3840.6,9170,43,dfo,1828
17.93,5168.216667,440,56,pfo,3159
17.94,6260.3,8460,62,dfo,997
17.94,4208.683333,8460,62,dfo,997
17.94,4220.133333,8460,62,dfo,997
17.95,3064.4,8460,62,dfo,997
17.97,4199,8460,62,dfo,997
17.97,4265.2,8460,62,dfo,997
17.99,5382.2,8460,62,dfo,997
17.99,5753.5,8460,62,dfo,997
18.01,6653.825,8460,62,dfo,997
18.02,5849.1,8460,62,dfo,997
18.03,4632.266667,8460,62,dfo,997
18.07,2983.616667,8460,62,dfo,997
18.12,4313.65,8460,62,dfo,997
18.16,3069.1,8460,62,dfo,997
18.16,5944.7,8460,62,dfo,997
18.18,4132.8,8460,62,dfo,997
18.18,3538.1,8460,62,dfo,997
18.21,5605.425,8460,62,dfo,997
18.21,5657.9,8460,62,dfo,997
18.22,7245.45,8460,62,dfo,997
18.23,3938.633333,440,56,pfo,3159
18.23,3922.7,8460,62,dfo,997
18.25,5309.666667,8460,62,dfo,997
18.26,4861.4,8460,62,dfo,997
18.26,4407.166667,8460,62,dfo,997
18.29,5566.691667,8460,62,dfo,997
18.29,6833.425,8460,62,dfo,997
18.29,5371.1,8460,62,dfo,997
18.31,8305.8,8460,62,dfo,997
18.32,7065.05,8460,62,dfo,997
18.34,6790.9,8460,62,dfo,997
18.35,5080.733333,440,56,pfo,3159
18.35,3404.1,8460,62,dfo,997
18.36,6107.5,440,56,pfo,3159
18.36,4549.65,8460,62,dfo,997
18.39,6927.975,8460,62,dfo,997
18.39,4004.8,8460,62,dfo,997
18.39,4500.683333,8460,62,dfo,997
18.4,5667.283333,8460,62,dfo,997
18.4,5767.875,8460,62,dfo,997
18.41,6529.466667,8460,62,dfo,997
18.41,5295.4,8460,62,dfo,997
18.45,4880.275,8460,62,dfo,997
18.47,3471.1,8460,62,dfo,997
18.49,5868.466667,8460,62,dfo,997
18.49,5121.8,8460,62,dfo,997
18.49,4594.2,8460,62,dfo,997
18.51,4803.7,8460,62,dfo,997
18.53,6993.65,8460,62,dfo,997
18.54,5208.6,8460,62,dfo,997
18.55,5894.55,440,56,pfo,3159
18.55,3399.733333,8460,62,dfo,997
18.57,5692,8460,62,dfo,997
18.57,2902.833333,8460,62,dfo,997
18.57,6244.466667,8460,62,dfo,997
18.58,8490.025,8460,62,dfo,997
18.59,3871.816667,440,56,pfo,3159
18.59,5969.058333,8460,62,dfo,997
18.59,4727.125,8460,62,dfo,997
18.59,4547.275,8460,62,dfo,997
18.6,2741.266667,8460,62,dfo,997
18.61,4384.416667,8460,62,dfo,997
18.62,6353.383333,8460,62,dfo,997
18.63,6394.883333,8460,62,dfo,997
18.64,9874.3,8460,62,dfo,997
18.64,4573.975,8460,62,dfo,997
18.64,8121.575,8460,62,dfo,997
18.66,6462.3,8460,62,dfo,997
18.66,3337.1,8460,62,dfo,997
18.69,5924.875,8460,62,dfo,997
18.69,4650.55,8460,62,dfo,997
18.69,5035,8460,62,dfo,997
18.71,3343.5,8460,62,dfo,997
18.72,6069.65,8460,62,dfo,997
18.72,3136.1,8460,62,dfo,997
18.73,3801.8,8460,62,dfo,997
18.73,5222.1,8460,62,dfo,997
18.73,8218.633333,8460,62,dfo,997
18.75,8053.066667,8460,62,dfo,997
18.75,4467.033333,8460,62,dfo,997
18.77,7410.5,8460,62,dfo,997
18.79,7153.875,8460,62,dfo,997
18.8,9024.325,440,56,pfo,3159
18.8,2822.05,8460,62,dfo,997
18.8,3270.1,8460,62,dfo,997
18.81,4497.4,8460,62,dfo,997
18.82,6001.025,440,56,pfo,3159
18.83,4066.6,8460,62,dfo,997
18.83,2893.633333,8460,62,dfo,997
18.83,4956.85,8460,62,dfo,997
18.83,5562.3,8460,62,dfo,997
18.84,3470.916667,440,56,pfo,3159
18.84,3805,440,56,pfo,3159
18.85,5482.05,8460,62,dfo,997
18.86,6673.2,8460,62,dfo,997
18.87,5373.133333,8460,62,dfo,997
18.9,9708.733333,8460,62,dfo,997
18.92,5231.45,8460,62,dfo,997
18.92,4010.808333,8460,62,dfo,997
18.92,4908.316667,8460,62,dfo,997
18.92,5466.7,8460,62,dfo,997
18.94,3866.175,8460,62,dfo,997
18.95,4993.25,440,56,pfo,3159
18.95,5264.216667,8460,62,dfo,997
18.96,5512.508333,8460,62,dfo,997
18.98,4415.3,8460,62,dfo,997
18.98,5607,8460,62,dfo,997
18.99,4948.2,8460,62,dfo,997
19,4142.725,9170,43,dfo,1828
19,4687.716667,9170,43,dfo,1828
19,5590.966667,9170,43,dfo,1828
19.03,8841.8,440,56,pfo,3159
19.03,8880.9,8460,62,dfo,997
19.04,5518.85,8460,62,dfo,997
19.04,4623.5,8460,62,dfo,997
19.06,7314.1,8460,62,dfo,997
19.07,3421.041667,8460,62,dfo,997
19.07,5155.3,8460,62,dfo,997
19.07,5699.883333,8460,62,dfo,997
19.07,3203.1,8460,62,dfo,997
19.08,5061.783333,8460,62,dfo,997
19.11,8384.2,8460,62,dfo,997
19.11,4076.766667,440,56,pfo,3159
19.14,7575.55,440,56,pfo,3159
19.15,8549.766667,440,56,pfo,3159
19.15,5965.483333,440,56,pfo,3159
19.16,8715.333333,440,56,pfo,3159
19.17,4086.9,440,56,pfo,3159
19.17,6071.2,440,56,pfo,3159
19.18,4333.2,440,56,pfo,3159
19.18,4724.325,440,56,pfo,3159
19.18,9411.15,440,56,pfo,3159
19.2,7887.5,440,56,pfo,3159
19.2,4968.266667,440,56,pfo,3159
19.21,5186.575,440,56,pfo,3159
19.21,5263.15,440,56,pfo,3159
19.22,3738.183333,440,56,pfo,3159
19.22,9543.166667,440,56,pfo,3159
19.23,7474.325,440,56,pfo,3159
19.24,4825.15,440,56,pfo,3159
19.26,5339.725,440,56,pfo,3159
19.26,9595.375,440,56,pfo,3159
19.28,5416.3,440,56,pfo,3159
19.29,3287.266667,440,56,pfo,3159
19.3,9722.8,440,56,pfo,3159
19.32,5827.233333,440,56,pfo,3159
19.33,9779.6,440,56,pfo,3159
19.34,5153.233333,440,56,pfo,3159
19.34,6002.775,440,56,pfo,3159
19.34,5808.8,440,56,pfo,3159
19.35,5899.183333,440,56,pfo,3159
19.35,8674.25,440,56,pfo,3159
19.36,5795.591667,440,56,pfo,3159
19.36,5033.425,440,56,pfo,3159
19.36,5717.116667,440,56,pfo,3159
19.36,6292.533333,440,56,pfo,3159
19.38,7750.425,440,56,pfo,3159
19.39,8659.275,440,56,pfo,3159
19.39,7080.4,440,56,pfo,3159
19.4,5127.625,440,56,pfo,3159
19.4,5937.35,440,56,pfo,3159
19.41,5110,440,56,pfo,3159
19.42,6181.866667,440,56,pfo,3159
19.43,9941.025,440,56,pfo,3159
19.43,8730.9,440,56,pfo,3159
19.45,4000.4,440,56,pfo,3159
19.45,8849.9,440,56,pfo,3159
19.45,6106.366667,440,56,pfo,3159
19.45,7937.35,440,56,pfo,3159
19.47,5418.016667,440,56,pfo,3159
19.49,6157.583333,440,56,pfo,3159
19.5,3231.033333,440,56,pfo,3159
19.5,4251.1,440,56,pfo,3159
19.51,3671.366667,440,56,pfo,3159
19.52,4925.975,440,56,pfo,3159
19.53,7634.55,440,56,pfo,3159
19.54,4471.05,440,56,pfo,3159
19.54,4781.233333,440,56,pfo,3159
19.55,4874.75,440,56,pfo,3159
19.56,10302,440,56,pfo,3159
19.56,6572.608333,440,56,pfo,3159
19.56,6403.2,440,56,pfo,3159
19.56,3476.683333,440,56,pfo,3159
19.56,3810.533333,440,56,pfo,3159
19.57,9377.6,440,56,pfo,3159
19.57,8595.9,440,56,pfo,3159
19.57,5228.45,440,56,pfo,3159
19.57,6047.466667,440,56,pfo,3159
19.58,3537.733333,440,56,pfo,3159
19.58,9046.466667,440,56,pfo,3159
19.59,6209.958333,440,56,pfo,3159
19.59,7211.6,440,56,pfo,3159
19.6,9206.85,440,56,pfo,3159
19.6,9504.575,440,56,pfo,3159
19.6,5026.8,440,56,pfo,3159
19.6,8565.85,440,56,pfo,3159
19.61,5859.766667,440,56,pfo,3159
19.61,7753.125,440,56,pfo,3159
19.63,3868,440,56,pfo,3159
19.63,6267.7,440,56,pfo,3159
19.64,5075.016667,440,56,pfo,3159
19.64,6135.55,440,56,pfo,3159
19.64,8858.475,440,56,pfo,3159
19.65,8960.841667,440,56,pfo,3159
19.66,3174.8,440,56,pfo,3159
19.68,6313.55,440,56,pfo,3159
19.68,6513.866667,440,56,pfo,3159
19.69,10119.475,440,56,pfo,3159
19.69,3118.566667,440,56,pfo,3159
19.7,9389.375,440,56,pfo,3159
19.71,7267.183333,440,56,pfo,3159
19.71,9226.925,440,56,pfo,3159
19.71,10009.55,440,56,pfo,3159
19.72,8701.391667,440,56,pfo,3159
19.72,5818.966667,440,56,pfo,3159
19.73,6735.2,440,56,pfo,3159
19.74,5145.2,440,56,pfo,3159
19.74,6170.241667,440,56,pfo,3159
19.76,8476.75,440,56,pfo,3159
19.76,3934.2,440,56,pfo,3159
19.77,3604.55,440,56,pfo,3159
19.79,6624.533333,440,56,pfo,3159
19.82,3699.25,440,56,pfo,3159
19.83,4605.716667,440,56,pfo,3159
19.83,5436.9,440,56,pfo,3159
19.83,3754.891667,440,56,pfo,3159
19.84,11468.6,440,56,pfo,3159
19.84,7219.65,440,56,pfo,3159
19.84,7568.9,440,56,pfo,3159
19.85,5014.033333,440,56,pfo,3159
19.86,9286.35,440,56,pfo,3159
19.86,5917.716667,440,56,pfo,3159
19.88,5542.616667,440,56,pfo,3159
19.91,9190.783333,440,56,pfo,3159
19.92,5713.058333,440,56,pfo,3159
19.92,4996.8,440,56,pfo,3159
19.92,7234.3,440,56,pfo,3159
19.92,6026.633333,440,56,pfo,3159
19.94,7365.275,440,56,pfo,3159
19.97,5754.05,440,56,pfo,3159
19.99,7613.35,440,56,pfo,3159
20,2949.866667,9170,43,dfo,1828
20.02,5119.75,440,56,pfo,3159
20.02,3643.608333,820,55,pfo,3902
20.03,5607.15,820,55,pfo,3902
20.04,4169,820,55,pfo,3902
20.05,7383.9,820,55,pfo,3902
20.06,7052.033333,820,55,pfo,3902
20.06,8737,820,55,pfo,3902
20.07,7084.7,820,55,pfo,3902
20.07,7510.9,820,55,pfo,3902
20.08,7433.55,820,55,pfo,3902
20.09,10565.80833,440,56,pfo,3159
20.09,7371.166667,820,55,pfo,3902
20.09,3587.966667,820,55,pfo,3902
20.1,8435.675,820,55,pfo,3902
20.11,3532.325,820,55,pfo,3902
20.12,7690.3,820,55,pfo,3902
20.14,10159.25,820,55,pfo,3902
20.14,5526.016667,820,55,pfo,3902
20.15,7167.566667,820,55,pfo,3902
20.15,8400.8,820,55,pfo,3902
20.16,7533.5,820,55,pfo,3902
20.16,6310.366667,820,55,pfo,3902
20.16,6915.35,820,55,pfo,3902
20.17,8294.225,440,56,pfo,3159
20.17,5648.333333,820,55,pfo,3902
20.18,9068.125,820,55,pfo,3902
20.18,7656.525,820,55,pfo,3902
20.19,7216.308333,820,55,pfo,3902
20.19,6191.125,820,55,pfo,3902
20.2,11439.8,820,55,pfo,3902
20.2,8675.9,820,55,pfo,3902
20.21,7683.1,820,55,pfo,3902
20.22,8111.7,440,56,pfo,3159
20.22,9936.95,440,56,pfo,3159
20.23,7794.775,820,55,pfo,3902
20.23,6071.883333,820,55,pfo,3902
20.23,5323.525,820,55,pfo,3902
20.23,8546.625,820,55,pfo,3902
20.24,6429.608333,820,55,pfo,3902
20.24,9420.725,820,55,pfo,3902
20.27,4394.825,820,55,pfo,3902
20.28,5331.183333,820,55,pfo,3902
20.29,4905.766667,440,56,pfo,3159
20.29,3006.1,820,55,pfo,3902
20.3,7802.15,820,55,pfo,3902
20.31,11250.375,820,55,pfo,3902
20.31,6935.1,820,55,pfo,3902
20.31,3062.333333,820,55,pfo,3902
20.32,4567.591667,820,55,pfo,3902
20.33,11194.8,820,55,pfo,3902
20.33,8927.375,820,55,pfo,3902
20.33,12309.05,820,55,pfo,3902
20.34,8552.883333,820,55,pfo,3902
20.34,5501.241667,820,55,pfo,3902
20.35,6928.4,820,55,pfo,3902
20.37,4683.933333,820,55,pfo,3902
20.37,7074.025,820,55,pfo,3902
20.37,6845.866667,820,55,pfo,3902
20.38,6636.291667,820,55,pfo,3902
20.39,7980.175,440,56,pfo,3159
20.39,8530.275,820,55,pfo,3902
20.39,7740.6,820,55,pfo,3902
20.42,4918.583333,820,55,pfo,3902
20.42,7832.7,820,55,pfo,3902
20.42,6750.3,820,55,pfo,3902
20.42,5225.466667,820,55,pfo,3902
20.42,9308.125,820,55,pfo,3902
20.42,9042.7,820,55,pfo,3902
20.43,11754.88333,820,55,pfo,3902
20.43,5952.641667,820,55,pfo,3902
20.45,7849.866667,820,55,pfo,3902
20.46,8730.3,820,55,pfo,3902
20.46,9650.666667,820,55,pfo,3902
20.46,9117.75,820,55,pfo,3902
20.48,5896.458333,9170,43,dfo,1828
20.48,10377.475,820,55,pfo,3902
20.48,7530.733333,820,55,pfo,3902
20.5,12539,820,55,pfo,3902
20.51,5833.4,820,55,pfo,3902
20.51,6818.283333,820,55,pfo,3902
20.51,6080.05,820,55,pfo,3902
20.53,5432.275,820,55,pfo,3902
20.54,8275.45,820,55,pfo,3902
20.55,8647.7,820,55,pfo,3902
20.56,8384.65,820,55,pfo,3902
20.58,11684.8,820,55,pfo,3902
20.58,8580.7,820,55,pfo,3902
20.59,8488.133333,820,55,pfo,3902
20.6,8115.225,820,55,pfo,3902
20.61,9754.425,440,56,pfo,3159
20.61,5068.3,820,55,pfo,3902
20.63,5395.333333,820,55,pfo,3902
20.64,8239.025,820,55,pfo,3902
20.65,6588.4,820,55,pfo,3902
20.67,6472.016667,820,55,pfo,3902
20.69,9212.033333,820,55,pfo,3902
20.7,4762.15,820,55,pfo,3902
20.7,4840.366667,820,55,pfo,3902
20.72,5040.05,820,55,pfo,3902
20.74,8169,820,55,pfo,3902
20.74,5229.033333,820,55,pfo,3902
20.74,9879.25,820,55,pfo,3902
20.75,5134.541667,820,55,pfo,3902
20.75,6377.816667,820,55,pfo,3902
20.76,4662.083333,820,55,pfo,3902
20.76,8165.875,820,55,pfo,3902
20.76,10260,820,55,pfo,3902
20.77,5686.575,9170,43,dfo,1828
20.77,8356.25,820,55,pfo,3902
20.78,8852.85,820,55,pfo,3902
20.78,12079.1,820,55,pfo,3902
20.79,12664.8,820,55,pfo,3902
20.79,9058,820,55,pfo,3902
20.8,8431.1,820,55,pfo,3902
20.8,11109.5,820,55,pfo,3902
20.81,6892.466667,820,55,pfo,3902
20.81,7905.65,820,55,pfo,3902
20.82,6270.833333,820,55,pfo,3902
20.82,10949.8,820,55,pfo,3902
20.83,7264.3,820,55,pfo,3902
20.84,10501.875,820,55,pfo,3902
20.85,5793.1,9170,43,dfo,1828
20.85,6371.425,1240,64,szfo,978
20.85,6548.85,1240,64,szfo,978
20.86,5289.425,1240,64,szfo,978
20.87,7366.8,1240,64,szfo,978
20.87,9557.7,1240,64,szfo,978
20.88,5999.816667,9170,43,dfo,1828
20.88,6708.166667,1240,64,szfo,978
20.89,10239.5,1240,64,szfo,978
20.9,6831.508333,1240,64,szfo,978
20.9,4318.6,1240,64,szfo,978
20.9,6956.533333,1240,64,szfo,978
20.91,8070.7,1240,64,szfo,978
20.92,5077.608333,1240,64,szfo,978
20.93,10069.625,1240,64,szfo,978
20.94,7955,1240,64,szfo,978
20.94,8730.808333,1240,64,szfo,978
20.94,7758.95,1240,64,szfo,978
20.95,4945.558333,1240,64,szfo,978
20.95,7938.825,1240,64,szfo,978
20.97,12909.8,1240,64,szfo,978
20.97,8118.7,1240,64,szfo,978
20.97,9197.95,1240,64,szfo,978
20.97,7298.2,1240,64,szfo,978
20.97,11849.15,1240,64,szfo,978
20.98,13154.8,1240,64,szfo,978
20.98,8235.75,1240,64,szfo,978
20.98,8478.45,1240,64,szfo,978
20.99,8298.575,1240,64,szfo,978
20.99,9377.825,1240,64,szfo,978
21,8328.566667,9170,43,dfo,1828
21,7399.2,9170,43,dfo,1828
21.01,7975.5,1240,64,szfo,978
21.02,9263.15,1240,64,szfo,978
21.02,7288.533333,1240,64,szfo,978
21.05,5732.575,1240,64,szfo,978
21.06,5345.7,1240,64,szfo,978
21.06,4242.375,1240,64,szfo,978
21.06,7067.2,1240,64,szfo,978
21.1,6103.175,9170,43,dfo,1828
21.1,7982.3,1240,64,szfo,978
21.1,8281.5,1240,64,szfo,978
21.11,4756.575,1240,64,szfo,978
21.12,10813.925,1240,64,szfo,978
21.13,3785.025,1240,64,szfo,978
21.13,8658.325,1240,64,szfo,978
21.14,7202.125,1240,64,szfo,978
21.14,7947.775,1240,64,szfo,978
21.15,8009.433333,1240,64,szfo,978
21.16,6417.141667,1240,64,szfo,978
21.16,7145.058333,1240,64,szfo,978
21.17,9018.075,1240,64,szfo,978
21.18,8093.4,1240,64,szfo,978
21.18,12111.71667,1240,64,szfo,978
21.19,11929.8,1240,64,szfo,978
21.19,7584.616667,1240,64,szfo,978
21.19,4851.066667,1240,64,szfo,978
21.19,7579.075,1240,64,szfo,978
21.2,8838.2,1240,64,szfo,978
21.21,9468.3,1240,64,szfo,978
21.23,13518.48333,1240,64,szfo,978
21.23,7177.866667,1240,64,szfo,978
21.24,6206.533333,9170,43,dfo,1828
21.25,16673.525,1240,64,szfo,978
21.25,9688.875,1240,64,szfo,978
21.26,7476.275,1240,64,szfo,978
21.26,10904.35,1240,64,szfo,978
21.26,11260.25833,1240,64,szfo,978
21.28,6598.05,1240,64,szfo,978
21.28,15572.65,1240,64,szfo,978
21.3,13467.7,440,56,pfo,3159
21.3,11490.2,1240,64,szfo,978
21.31,7067.95,1240,64,szfo,978
21.31,4166.15,1240,64,szfo,978
21.32,11843.83333,1240,64,szfo,978
21.33,10829.61667,440,56,pfo,3159
21.33,7849.4,1240,64,szfo,978
21.34,5172.55,1240,64,szfo,978
21.36,6732.9,1240,64,szfo,978
21.37,13203.89167,440,56,pfo,3159
21.38,11032.15,1240,64,szfo,978
21.38,5183.516667,1240,64,szfo,978
21.38,7802.433333,1240,64,szfo,978
21.39,7693.525,1240,64,szfo,978
21.41,5259.125,1240,64,szfo,978
21.41,11575.95,1240,64,szfo,978
21.43,10469.45,1240,64,szfo,978
21.44,11030.31667,1240,64,szfo,978
21.45,16234.5,1240,64,szfo,978
21.47,5496.208333,1240,64,szfo,978
21.48,12041.16667,1240,64,szfo,978
21.49,6664.925,440,56,pfo,3159
21.49,15903.575,1240,64,szfo,978
21.5,5580.05,9170,43,dfo,1828
21.5,12379.6,1240,64,szfo,978
21.51,7911.341667,1240,64,szfo,978
21.51,17112.55,1240,64,szfo,978
21.52,9498.5,1240,64,szfo,978
21.53,4739.675,1240,64,szfo,978
21.53,8020.25,1240,64,szfo,978
21.54,6309.891667,9170,43,dfo,1828
21.54,12616.76667,1240,64,szfo,978
21.55,8131.9,1240,64,szfo,978
21.55,10699.2,1240,64,szfo,978
21.55,10699.4,1240,64,szfo,978
21.58,14579.875,1240,64,szfo,978
21.61,4818.283333,440,56,pfo,3159
21.61,12393.825,1240,64,szfo,978
21.61,13285.59167,1240,64,szfo,978
21.61,4089.925,1240,64,szfo,978
21.62,12839.70833,1240,64,szfo,978
21.62,6271.016667,1240,64,szfo,978
21.63,9783.175,1240,64,szfo,978
21.64,13062.65,1240,64,szfo,978
21.64,7025.816667,1240,64,szfo,978
21.67,11093.425,440,56,pfo,3159
21.67,5085.975,1240,64,szfo,978
21.67,7475.708333,1240,64,szfo,978
21.68,14248.95,1240,64,szfo,978
21.69,6968.333333,1240,64,szfo,978
21.7,14904,1240,64,szfo,978
21.7,10704.8,1240,64,szfo,978
21.7,12019.75,710,60,szfo,5600
21.71,4826.25,710,60,szfo,5600
21.71,5631.75,710,60,szfo,5600
21.73,11357.23333,440,56,pfo,3159
21.74,10743.75,710,60,szfo,5600
21.77,12940.08333,440,56,pfo,3159
21.8,12240.14167,710,60,szfo,5600
21.84,7339.2,710,60,szfo,5600
21.84,11799.35833,710,60,szfo,5600
21.86,10494.05,710,60,szfo,5600
21.86,3861.25,710,60,szfo,5600
21.88,11040.18333,710,60,szfo,5600
21.89,5473.525,9170,43,dfo,1828
21.91,9878.45,710,60,szfo,5600
21.92,6413.25,9170,43,dfo,1828
21.92,14617.71667,710,60,szfo,5600
21.93,10116.06667,710,60,szfo,5600
21.94,6624.325,710,60,szfo,5600
21.94,5329.275,710,60,szfo,5600
21.94,11308.06667,710,60,szfo,5600
21.95,14910.8,710,60,szfo,5600
21.96,13918.025,710,60,szfo,5600
21.97,4013.7,710,60,szfo,5600
21.97,15241.725,710,60,szfo,5600
22,4999.4,9170,43,dfo,1828
22.01,10459.8,710,60,szfo,5600
22.01,11578.96667,710,60,szfo,5600
22.03,4912.825,710,60,szfo,5600
22.04,9571.9,440,56,pfo,3159
22.04,5530.925,710,60,szfo,5600
22.04,9640.833333,710,60,szfo,5600
22.04,17551.575,710,60,szfo,5600
22.05,12327.45,710,60,szfo,5600
22.05,9880.608333,710,60,szfo,5600
22.06,6906.575,710,60,szfo,5600
22.07,6520.733333,710,60,szfo,5600
22.08,12419.8,710,60,szfo,5600
22.09,8978.483333,710,60,szfo,5600
22.09,10353.68333,710,60,szfo,5600
22.13,6727.916667,710,60,szfo,5600
22.13,6522.283333,710,60,szfo,5600
22.15,10028.525,710,60,szfo,5600
22.16,12676.275,440,56,pfo,3159
22.16,14331.43333,710,60,szfo,5600
22.16,14848.88333,710,60,szfo,5600
22.18,10800.375,710,60,szfo,5600
22.2,13162.5,710,60,szfo,5600
22.22,6370.633333,710,60,szfo,5600
22.24,12613.73333,710,60,szfo,5600
22.26,6487.933333,710,60,szfo,5600
22.27,11389.25,710,60,szfo,5600
22.28,9403.216667,710,60,szfo,5600
22.3,14400.3,710,60,szfo,5600
22.3,9673.45,710,60,szfo,5600
22.3,8826.091667,710,60,szfo,5600
22.3,15063.46667,710,60,szfo,5600
22.31,10083.75,710,60,szfo,5600
22.33,12170.88333,710,60,szfo,5600
22.33,12017,710,60,szfo,5600
22.35,10214.8,710,60,szfo,5600
22.36,13587.1,710,60,szfo,5600
22.37,5430.1,710,60,szfo,5600
22.39,6623.183333,710,60,szfo,5600
22.39,8673.7,710,60,szfo,5600
22.39,9283.266667,710,60,szfo,5600
22.39,3937.475,710,60,szfo,5600
22.4,13882.16667,710,60,szfo,5600
22.41,7848.65,440,56,pfo,3159
22.41,6868.716667,710,60,szfo,5600
22.41,9435.658333,710,60,szfo,5600
22.42,11779.38333,710,60,szfo,5600
22.42,11619.2,710,60,szfo,5600
22.44,10595.7,710,60,szfo,5600
22.45,17990.6,710,60,szfo,5600
22.5,12901.31667,710,60,szfo,5600
22.52,11159.3,710,60,szfo,5600
22.53,7506.475,9170,43,dfo,1828
22.53,7664.166667,9170,43,dfo,1828
22.53,12647.48333,710,60,szfo,5600
22.53,10110.55,710,60,szfo,5600
22.54,7821.858333,9170,43,dfo,1828
22.55,7191.091667,9170,43,dfo,1828
22.55,6769.1,710,60,szfo,5600
22.56,5367,9170,43,dfo,1828
22.56,10985.625,710,60,szfo,5600
22.57,7348.783333,9170,43,dfo,1828
22.57,12174.8,710,60,szfo,5600
22.58,9130.875,710,60,szfo,5600
22.6,10288.9,710,60,szfo,5600
22.6,10772.3,710,60,szfo,5600
22.63,8564.791667,710,60,szfo,5600
22.63,15278.05,710,60,szfo,5600
22.64,7979.55,9170,43,dfo,1828
22.65,8894.225,710,60,szfo,5600
22.65,10340.49167,710,60,szfo,5600
22.67,9588.05,710,60,szfo,5600
22.69,10350.00833,710,60,szfo,5600
22.71,10502.4,710,60,szfo,5600
22.72,13342.1,710,60,szfo,5600
22.73,10079.89167,710,60,szfo,5600
22.73,10570.43333,710,60,szfo,5600
22.76,8850.6,710,60,szfo,5600
22.79,13256.175,710,60,szfo,5600
22.81,9878.6,710,60,szfo,5600
22.82,7033.4,9170,43,dfo,1828
22.82,6669.483333,710,60,szfo,5600
22.83,11541.76667,710,60,szfo,5600
22.85,5260.475,9170,43,dfo,1828
22.85,14045.15,710,60,szfo,5600
22.85,13638,710,60,szfo,5600
22.86,10591.3,710,60,szfo,5600
22.87,6930.041667,9170,43,dfo,1828
22.87,11358.575,710,60,szfo,5600
22.9,12900.01667,710,60,szfo,5600
22.91,12925.25,710,60,szfo,5600
22.92,13986.9,710,60,szfo,5600
22.92,7723.3,710,60,szfo,5600
22.92,10929.35,710,60,szfo,5600
22.95,13121.70833,710,60,szfo,5600
22.95,6569.866667,710,60,szfo,5600
22.96,6516.608333,9170,43,dfo,1828
22.97,12148.65833,440,56,pfo,3159
22.98,6723.325,9170,43,dfo,1828
22.98,12594.325,1010,61,szfo,533
22.99,6826.683333,9170,43,dfo,1828
22.99,14281.88333,1010,61,szfo,533
23,8137.241667,9170,43,dfo,1828
23,14177.35833,9170,43,dfo,1828
23,17519,9170,43,dfo,1828
23,16892.9,9170,43,dfo,1828
23.01,11947.94167,1010,61,szfo,533
23.04,6619.966667,9170,43,dfo,1828
23.04,14245.85,1010,61,szfo,533
23.04,10045.225,1010,61,szfo,533
23.05,9165.6,1010,61,szfo,533
23.05,10597.6,1010,61,szfo,533
23.07,6470.25,1010,61,szfo,533
23.1,12325.05,1010,61,szfo,533
23.1,12920.625,1010,61,szfo,533
23.11,6787.333333,1010,61,szfo,533
23.13,5153.95,9170,43,dfo,1828
23.13,6668.091667,1010,61,szfo,533
23.16,18429.625,1010,61,szfo,533
23.17,14609.53333,1010,61,szfo,533
23.2,11227.5,1010,61,szfo,533
23.21,12678.75,1010,61,szfo,533
23.22,6513.466667,1010,61,szfo,533
23.26,14715.38333,1010,61,szfo,533
23.27,17155.31667,1010,61,szfo,533
23.27,12680.925,1010,61,szfo,533
23.32,10828.91667,1010,61,szfo,533
23.32,13719.01667,1010,61,szfo,533
23.34,6756.8,1010,61,szfo,533
23.35,8294.933333,9170,43,dfo,1828
23.35,11138.18333,1010,61,szfo,533
23.36,12412.46667,440,56,pfo,3159
23.39,10197.61667,1010,61,szfo,533
23.4,12436.875,1010,61,szfo,533
23.41,5047.425,9170,43,dfo,1828
23.41,15492.63333,1010,61,szfo,533
23.42,13231.275,1010,61,szfo,533
23.43,8452.625,9170,43,dfo,1828
23.45,13451.13333,1010,61,szfo,533
23.48,11621.04167,440,56,pfo,3159
23.49,11237.64167,1010,61,szfo,533
23.5,10917.79167,1010,61,szfo,533
23.5,9007.158333,1010,61,szfo,533
23.5,17526.7,1010,61,szfo,533
23.51,13737.65833,1010,61,szfo,533
23.53,8925.7,9170,43,dfo,1828
23.54,13758.86667,1010,61,szfo,533
23.59,4834.375,9170,43,dfo,1828
23.59,10697.4,1010,61,szfo,533
23.59,13484.46667,1010,61,szfo,533
23.6,11725,1010,61,szfo,533
23.6,8455.883333,1010,61,szfo,533
23.61,8610.316667,9170,43,dfo,1828
23.62,4727.85,9170,43,dfo,1828
23.63,4940.9,9170,43,dfo,1828
23.64,12263.4,1010,61,szfo,533
23.65,8768.008333,9170,43,dfo,1828
23.66,4621.325,9170,43,dfo,1828
23.69,9740.441667,1010,61,szfo,533
23.69,18638.875,1010,61,szfo,533
23.7,18181.3,1010,61,szfo,533
23.7,5635.733333,1010,61,szfo,533
23.7,18843.1,1010,61,szfo,533
23.71,9892.833333,1010,61,szfo,533
23.73,11884.85,440,56,pfo,3159
23.73,8129.158333,1010,61,szfo,533
23.75,16791.63333,1010,61,szfo,533
23.77,17866.21667,1010,61,szfo,533
23.77,18434.65,1010,61,szfo,533
23.78,14576.86667,1010,61,szfo,533
23.8,14973.21667,1010,61,szfo,533
23.8,17231.71667,1010,61,szfo,533
23.81,6621.45,1010,61,szfo,533
23.82,13472.58333,1010,61,szfo,533
23.83,15707.21667,1010,61,szfo,533
23.85,13186.3,1010,61,szfo,533
23.85,12460.53333,1010,61,szfo,533
23.85,7422.741667,1010,61,szfo,533
23.87,13933.9,1010,61,szfo,533
23.87,17413.525,1010,61,szfo,533
23.9,21502.8,1010,61,szfo,533
23.91,7810.341667,1010,61,szfo,533
23.92,21063.775,1010,61,szfo,533
23.94,7322.55,440,56,pfo,3159
23.94,17209.3,1010,61,szfo,533
23.94,6714.5,1010,61,szfo,533
23.96,12978.08333,1010,61,szfo,533
23.96,15510,1010,61,szfo,533
23.96,12195,1010,61,szfo,533
23.97,8346.975,1010,61,szfo,533
23.98,16994.71667,1010,61,szfo,533
24.01,18230.425,1010,61,szfo,533
24.02,10533.475,1010,61,szfo,533
24.02,13990.85,1010,61,szfo,533
24.03,15166.83333,1010,61,szfo,533
24.04,19307.675,1010,61,szfo,533
24.05,12037.925,1010,61,szfo,533
24.06,12650.95833,1010,61,szfo,533
24.07,10666.50833,1010,61,szfo,533
24.07,15003.61667,1010,61,szfo,533
24.07,20624.75,1010,61,szfo,533
24.08,12633.1,1010,61,szfo,533
24.09,8404.375,1010,61,szfo,533
24.1,17617.75,1010,61,szfo,533
24.11,18026.2,1010,61,szfo,533
24.12,20185.725,1010,61,szfo,533
24.13,9090.483333,9170,43,dfo,1828
24.13,14929.24167,1010,61,szfo,533
24.13,13954.41667,1010,61,szfo,533
24.14,15795.39167,1010,61,szfo,533
24.14,21244.25,1010,61,szfo,533
24.15,17821.975,1010,61,szfo,533
24.15,7162.85,1010,61,szfo,533
24.16,16565.55,1010,61,szfo,533
24.16,21656.05,1010,61,szfo,533
24.17,11953.125,1010,61,szfo,533
24.21,18868.65,1010,61,szfo,533
24.22,15030.46667,1010,61,szfo,533
24.22,16597,1010,61,szfo,533
24.23,19746.7,1010,61,szfo,533
24.25,16936.73333,1010,61,szfo,533
24.26,16136.38333,1410,45,skfo,2846
24.27,15256.80833,1410,45,skfo,2846
24.27,14871.85,1410,45,skfo,2846
24.27,20980.20833,1410,45,skfo,2846
24.27,6066.25,1410,45,skfo,2846
24.28,13311.725,1410,45,skfo,2846
24.29,17551.13333,1410,45,skfo,2846
24.3,13183.25,1410,45,skfo,2846
24.3,16350.96667,1410,45,skfo,2846
24.31,8238.066667,1410,45,skfo,2846
24.33,16427.95,1410,45,skfo,2846
24.33,11469.375,1410,45,skfo,2846
24.35,6074.6,1410,45,skfo,2846
24.35,14244.04167,1410,45,skfo,2846
24.36,14525.7,1410,45,skfo,2846
24.36,11711.25,1410,45,skfo,2846
24.39,7191.025,440,56,pfo,3159
24.39,14229.8,1410,45,skfo,2846
24.41,9944.983333,1410,45,skfo,2846
24.43,16780.13333,1410,45,skfo,2846
24.43,20452.125,1410,45,skfo,2846
24.44,5952.241667,1410,45,skfo,2846
24.48,12724.89167,1410,45,skfo,2846
24.5,15336.9,1410,45,skfo,2846
24.5,16064.26667,1410,45,skfo,2846
24.51,11570.775,1410,45,skfo,2846
24.51,7218.9,1410,45,skfo,2846
24.54,15700.58333,1410,45,skfo,2846
24.54,20188.08333,1410,45,skfo,2846
24.59,19924.04167,1410,45,skfo,2846
24.61,19455.775,1410,45,skfo,2846
24.63,19047.325,1410,45,skfo,2846
24.64,19251.55,1410,45,skfo,2846
24.65,15921.8,1410,45,skfo,2846
24.65,19660,1410,45,skfo,2846
24.67,15345.55,1410,45,skfo,2846
24.67,6486.1,1410,45,skfo,2846
24.73,20716.16667,1410,45,skfo,2846
24.76,12941.15,1410,45,skfo,2846
24.76,7092.8,1410,45,skfo,2846
24.77,21508.29167,1410,45,skfo,2846
24.79,11598.19167,1410,45,skfo,2846
24.81,10422.9,1410,45,skfo,2846
24.88,16080.78333,1410,45,skfo,2846
24.91,13574.26667,440,56,pfo,3159
24.92,17589.04167,1410,45,skfo,2846
24.95,16641.75,1410,45,skfo,2846
25,13249.2,9170,43,dfo,1828
25,15713.6,9170,43,dfo,1828
25,6892.15,9170,43,dfo,1828
25.03,11304.15,1410,45,skfo,2846
25.06,10645.425,1410,45,skfo,2846
25.09,15405.55,1410,45,skfo,2846
25.1,7661.833333,1410,45,skfo,2846
25.11,5964.883333,1410,45,skfo,2846
25.11,16344.98333,1410,45,skfo,2846
25.12,7059.5,440,56,pfo,3159
25.12,14750.425,1410,45,skfo,2846
25.17,15660.63333,1410,45,skfo,2846
25.18,13731.475,1410,45,skfo,2846
25.21,7597.2,1410,45,skfo,2846
25.24,16366.175,1410,45,skfo,2846
25.26,16301.1,1410,45,skfo,2846
25.26,18649.30833,1410,45,skfo,2846
25.3,18934.7,1410,45,skfo,2846
25.35,21772.33333,1410,45,skfo,2846
25.35,22828.5,1410,45,skfo,2846
25.36,10799.65,1410,45,skfo,2846
25.36,10008.65,1410,45,skfo,2846
25.37,22300.41667,1410,45,skfo,2846
25.38,17236.05,1410,45,skfo,2846
25.38,11812.45,1410,45,skfo,2846
25.39,8298.933333,8460,62,dfo,997
25.41,11849.35,9170,43,dfo,1828
25.41,22564.45833,1410,45,skfo,2846
25.43,23161.65,1410,45,skfo,2846
25.44,22036.375,1410,45,skfo,2846
25.45,5610.216667,1410,45,skfo,2846
25.46,14821.6,1410,45,skfo,2846
25.5,6408.275,1410,45,skfo,2846
25.5,6966.7,1410,45,skfo,2846
25.52,13508.53333,1410,45,skfo,2846
25.53,9405.35,1410,45,skfo,2846
25.54,11416.55,1410,45,skfo,2846
25.54,16651.56667,1410,45,skfo,2846
25.55,15461.81667,1410,45,skfo,2846
25.6,7027.5,1410,45,skfo,2846
25.62,8865.716667,1410,45,skfo,2846
25.64,5855.166667,1410,45,skfo,2846
25.65,5838.233333,1410,45,skfo,2846
25.69,6403.75,1410,45,skfo,2846
25.69,18363.91667,1410,45,skfo,2846
25.71,11660.1,9170,43,dfo,1828
25.77,17510.83333,1410,45,skfo,2846
25.79,7717.125,440,56,pfo,3159
25.8,11066.53333,1410,45,skfo,2846
25.83,6184.316667,1410,45,skfo,2846
25.84,15413.4,1410,45,skfo,2846
25.84,15709.3,1410,45,skfo,2846
25.84,7345,1410,45,skfo,2846
25.85,12227.85,9170,43,dfo,1828
25.87,12038.6,9170,43,dfo,1828
25.91,7958.85,1410,45,skfo,2846
25.94,12471.7,1410,45,skfo,2846
25.95,11470.85,9170,43,dfo,1828
25.96,18312,440,56,pfo,3159
25.97,16005.2,1410,45,skfo,2846
25.98,18492.4,440,56,pfo,3159
26,8848.716667,9170,43,dfo,1828
26.01,9270.441667,1410,45,skfo,2846
26.08,11281.6,9170,43,dfo,1828
26.08,15097.5,1410,45,skfo,2846
26.08,16346.76667,1410,45,skfo,2846
26.08,11706.18333,1410,45,skfo,2846
26.13,16635.26667,1410,45,skfo,2846
26.18,8426.066667,8460,62,dfo,997
26.2,9724.1,1410,45,skfo,2846
26.21,12307.59167,1410,45,skfo,2846
26.22,14497.23333,1410,45,skfo,2846
26.25,16051.78333,1410,45,skfo,2846
26.29,21809.3,1410,45,skfo,2846
26.31,14954.48333,1410,45,skfo,2846
26.33,10371.525,8460,62,dfo,997
26.42,12795.6,9170,43,dfo,1828
26.45,13476.68333,9170,43,dfo,1828
26.45,10491.2,4150,56,sfo,2827
26.46,11365.78333,4150,56,sfo,2827
26.47,10506.35,8460,62,dfo,997
26.47,15117.5,4150,56,sfo,2827
26.47,11586.975,4150,56,sfo,2827
26.48,16920.96667,4150,56,sfo,2827
26.48,17017.99167,4150,56,sfo,2827
26.49,8255.866667,4150,56,sfo,2827
26.49,10910.55,4150,56,sfo,2827
26.49,12762.91667,4150,56,sfo,2827
26.51,10903.1,9170,43,dfo,1828
26.51,10101.875,8460,62,dfo,997
26.52,11092.35,9170,43,dfo,1828
26.54,13174.1,9170,43,dfo,1828
26.54,13680.83333,440,56,pfo,3159
26.55,12984.85,9170,43,dfo,1828
26.59,9967.05,8460,62,dfo,997
26.6,12417.1,9170,43,dfo,1828
26.6,12606.35,9170,43,dfo,1828
26.6,10641.175,8460,62,dfo,997
26.65,9549.4,4150,56,sfo,2827
26.66,10236.7,8460,62,dfo,997
26.67,8553.2,8460,62,dfo,997
26.69,8680.333333,8460,62,dfo,997
26.69,7471.1,4150,56,sfo,2827
26.7,18697.93333,440,56,pfo,3159
26.72,15756.8,4150,56,sfo,2827
26.72,6180.258333,4150,56,sfo,2827
26.73,6294.033333,4150,56,sfo,2827
26.73,13460.95,4150,56,sfo,2827
26.74,9832.225,8460,62,dfo,997
26.77,10776,8460,62,dfo,997
26.78,9810.075,4150,56,sfo,2827
26.78,9713.85,4150,56,sfo,2827
26.78,11136.025,4150,56,sfo,2827
26.81,8214.95,4150,56,sfo,2827
26.87,6350.75,4150,56,sfo,2827
26.9,9570.266667,8460,62,dfo,997
26.96,9316,8460,62,dfo,997
26.98,9697.4,8460,62,dfo,997
27,6294.266667,9170,43,dfo,1828
27.02,12915.36667,4150,56,sfo,2827
27.03,9135.533333,4150,56,sfo,2827
27.07,9540.258333,4150,56,sfo,2827
27.07,11361.5,4150,56,sfo,2827
27.12,10369.55,4150,56,sfo,2827
27.15,12022.5,8460,62,dfo,997
27.16,8807.466667,8460,62,dfo,997
27.16,16949.5,4150,56,sfo,2827
27.17,9443.133333,8460,62,dfo,997
27.2,9188.866667,8460,62,dfo,997
27.2,14789.45,4150,56,sfo,2827
27.21,9255.266667,9170,43,dfo,1828
27.21,15826.88333,4150,56,sfo,2827
27.25,15975.71667,4150,56,sfo,2827
27.26,8934.6,8460,62,dfo,997
27.26,9061.733333,8460,62,dfo,997
27.26,15588.7,4150,56,sfo,2827
27.27,16054.7,4150,56,sfo,2827
27.28,12199.3,8460,62,dfo,997
27.29,10910.825,8460,62,dfo,997
27.32,7454.075,440,56,pfo,3159
27.33,6840.6,4150,56,sfo,2827
27.36,11045.65,8460,62,dfo,997
27.36,11180.475,8460,62,dfo,997
27.36,12376.1,8460,62,dfo,997
27.36,12552.9,8460,62,dfo,997
27.36,20753.26667,440,56,pfo,3159
27.36,5724.225,4150,56,sfo,2827
27.36,17136.15833,4150,56,sfo,2827
27.39,7585.6,440,56,pfo,3159
27.41,15537.05,440,56,pfo,3159
27.44,11315.3,8460,62,dfo,997
27.47,13779.26667,9170,43,dfo,1828
27.54,13083.3,8460,62,dfo,997
27.55,11668.9,8460,62,dfo,997
27.55,12729.7,8460,62,dfo,997
27.55,6927.975,440,56,pfo,3159
27.56,11492.1,8460,62,dfo,997
27.56,20547.73333,440,56,pfo,3159
27.57,5745.45,4150,56,sfo,2827
27.59,11845.7,8460,62,dfo,997
27.59,12906.5,8460,62,dfo,997
27.6,16605.88333,4150,56,sfo,2827
27.61,14107.1,440,56,pfo,3159
27.61,15911.58333,4150,56,sfo,2827
27.62,19046.55833,4150,56,sfo,2827
27.64,16807.36667,4150,56,sfo,2827
27.68,20278.09167,4150,56,sfo,2827
27.71,15804.00833,4150,56,sfo,2827
27.71,10685.075,4150,56,sfo,2827
27.73,14000.53333,440,56,pfo,3159
27.73,16290.8,4150,56,sfo,2827
27.73,9058.15,4150,56,sfo,2827
27.77,15405.29167,440,56,pfo,3159
27.77,18131.6,440,56,pfo,3159
27.79,8056.508333,4150,56,sfo,2827
27.81,17571.70833,4150,56,sfo,2827
27.81,19787.79167,4150,56,sfo,2827
27.81,20009.4,4150,56,sfo,2827
27.82,13436.9,8460,62,dfo,997
27.85,17659.08333,4150,56,sfo,2827
27.86,13260.1,8460,62,dfo,997
27.87,18078.525,4150,56,sfo,2827
27.92,7581.183333,4150,56,sfo,2827
27.93,14481.4,4150,56,sfo,2827
27.93,12986.83333,4150,56,sfo,2827
27.95,13893.96667,440,56,pfo,3159
27.99,8107.358333,4150,56,sfo,2827
27.99,9549.925,4150,56,sfo,2827
28,14213.66667,440,56,pfo,3159
28,11622.06667,9170,43,dfo,1828
28.07,11493.925,4150,56,sfo,2827
28.08,18353.1,4150,56,sfo,2827
28.08,9675.166667,4150,56,sfo,2827
28.11,15055.45,4150,56,sfo,2827
28.17,18903.46667,440,56,pfo,3159
28.17,7513.325,4150,56,sfo,2827
28.19,13322.70833,4150,56,sfo,2827
28.22,13098.79167,4150,56,sfo,2827
28.24,14384.43333,9170,43,dfo,1828
28.24,17507.74167,4150,56,sfo,2827
28.24,10248.2,3350,55,sfo,2824
28.25,14173.35,3350,55,sfo,2824
28.26,10738.31667,9170,43,dfo,1828
28.26,14687.01667,9170,43,dfo,1828
28.26,11750.20833,3350,55,sfo,2824
28.28,10459.6,3350,55,sfo,2824
28.31,13787.4,440,56,pfo,3159
28.33,14081.85,9170,43,dfo,1828
28.33,20958.8,4150,56,pfo,3159
28.34,15080.69167,3350,55,sfo,2824
28.36,28895.34167,3350,55,sfo,2824
28.39,13210.75,3350,55,sfo,2824
28.43,17494.96667,3350,55,sfo,2824
28.44,15004.96667,3350,55,sfo,2824
28.44,11878.35,3350,55,sfo,2824
28.45,14979.725,3350,55,sfo,2824
28.5,19247.81667,3350,55,sfo,2824
28.59,15452.05833,3350,55,sfo,2824
28.6,18665.43333,3350,55,sfo,2824
28.62,6215.4,3350,55,sfo,2824
28.63,12006.49167,3350,55,sfo,2824
28.64,20546.78333,3350,55,sfo,2824
28.67,12138.15,3350,55,sfo,2824
28.68,28585.6,3350,55,sfo,2824
28.69,16925.55,3350,55,sfo,2824
28.71,17143.08333,3350,55,sfo,2824
28.71,12030.15833,3350,55,sfo,2824
28.72,15030.20833,3350,55,sfo,2824
28.73,16199.93333,9170,43,dfo,1828
28.74,11487.05,3350,55,sfo,2824
28.77,9914.4,9170,43,dfo,1828
28.78,9374.7,3350,55,sfo,2824
28.78,16665.23333,3350,55,sfo,2824
28.81,10182.75,3350,55,sfo,2824
28.82,14989.6,9170,43,dfo,1828
28.83,20342.2,440,56,pfo,3159
28.88,11922.16667,3350,55,sfo,2824
28.89,12246.14167,3350,55,sfo,2824
28.91,17322.81667,3350,55,sfo,2824
28.92,15897.35,9170,43,dfo,1828
28.92,10336.975,3350,55,sfo,2824
28.97,16502.51667,9170,43,dfo,1828
28.98,13908.625,3350,55,sfo,2824
28.98,12874.875,3350,55,sfo,2824
29,16805.1,9170,43,dfo,1828
29.01,11262.325,3350,55,sfo,2824
29.01,16065.06667,3350,55,sfo,2824
29.02,13557.25,3350,55,sfo,2824
29.03,9386,3350,55,sfo,2824
29.04,18957.53333,3350,55,sfo,2824
29.04,10234.125,3350,55,sfo,2824
29.07,29205.08333,3350,55,sfo,2824
29.08,16278.5,3350,55,sfo,2824
29.09,9749.616667,9170,43,dfo,1828
29.09,15292.18333,9170,43,dfo,1828
29.09,15594.76667,9170,43,dfo,1828
29.09,17793.13333,3350,55,sfo,2824
29.09,7898.066667,3350,55,sfo,2824
29.09,21962.55,3350,55,sfo,2824
29.11,13865.3,3350,55,sfo,2824
29.11,11814.175,3350,55,sfo,2824
29.12,17869.20833,3350,55,sfo,2824
29.12,9877.775,3350,55,sfo,2824
29.15,9000.625,3350,55,sfo,2824
29.16,13759.4,3350,55,sfo,2824
29.19,13610.175,3350,55,sfo,2824
29.21,13664.45,8460,62,dfo,997
29.21,17951.2,440,56,pfo,3159
29.22,19566.18333,3350,55,sfo,2824
29.23,10205.625,3350,55,sfo,2824
29.24,19002.74167,3350,55,sfo,2824
29.27,12143.48333,3350,55,sfo,2824
29.27,17431.5,3350,55,sfo,2824
29.28,17939.25,3350,55,sfo,2824
29.29,16099.9,3350,55,sfo,2824
29.29,22965.00833,3350,55,sfo,2824
29.31,14449.75,3350,55,sfo,2824
29.35,18524.9,3350,55,sfo,2824
29.35,17799.16667,3350,55,sfo,2824
29.39,17222.35,3350,55,sfo,2824
29.45,22696.31667,3350,55,sfo,2824
29.46,17447.36667,3350,55,sfo,2824
29.49,17415.63333,3350,55,sfo,2824
29.5,17729.125,3350,55,sfo,2824
29.51,19520.06667,440,56,pfo,3159
29.52,8373.391667,3350,55,sfo,2824
29.52,23494.8,3350,55,sfo,2824
29.56,18816.08333,3350,55,sfo,2824
29.57,18009.29167,3350,55,sfo,2824
29.65,17518.35833,3350,55,sfo,2824
29.65,18914.86667,3350,55,sfo,2824
29.65,14563.2,3350,55,sfo,2824
29.68,28321.58333,3350,55,sfo,2824
29.7,23233.7,3350,55,sfo,2824
29.7,11322.94167,3350,55,sfo,2824
29.72,17643.45,3350,55,sfo,2824
29.74,14207.075,3350,55,sfo,2824
29.75,17506.11667,3350,55,sfo,2824
29.76,19383.9,3350,55,sfo,2824
29.78,19189.4,3350,55,sfo,2824
29.79,6796.45,440,56,pfo,3159
29.79,10041.7,3350,55,sfo,2824
29.8,21159.76667,3350,55,sfo,2824
29.82,14057.85,3350,55,sfo,2824
29.83,10830.61667,3350,55,sfo,2824
29.84,9584.833333,9170,43,dfo,1828
29.85,8531.833333,3350,55,sfo,2824
29.85,13434.66667,3350,55,sfo,2824
29.87,17215.83333,3350,55,sfo,2824
29.88,8690.275,3350,55,sfo,2824
29.89,17768.54167,3350,55,sfo,2824
29.89,13298.1,3350,55,sfo,2824
29.91,14533.36667,440,56,pfo,3159
29.92,15273.53333,440,56,pfo,3159
29.92,22115.8,3350,55,sfo,2824
29.93,19538.1,3350,55,sfo,2824
29.94,32659.90833,3350,55,sfo,2824
29.95,19040.3,3350,55,sfo,2824
29.95,19212.1,3350,55,sfo,2824
29.96,33091.91667,3350,55,sfo,2824
29.98,22269.05,3350,55,sfo,2824
30,10573.53333,9170,43,dfo,1828
30,22425.83333,9170,43,dfo,1828
30.01,15894.41667,1800,56,urfo,4245
30.02,14639.93333,440,56,pfo,3159
30.02,16523.1,1800,56,urfo,4245
30.06,18416,1800,56,urfo,4245
30.07,10079.18333,9170,43,dfo,1828
30.07,32227.9,1800,56,urfo,4245
30.07,21409.2,1800,56,urfo,4245
30.08,10073.5,1800,56,urfo,4245
30.08,22575.55,1800,56,urfo,4245
30.1,19314.53333,440,56,pfo,3159
30.1,17393.26667,1800,56,urfo,4245
30.13,14746.5,440,56,pfo,3159
30.13,18629.425,1800,56,urfo,4245
30.15,29977.23333,1800,56,urfo,4245
30.17,14320.23333,440,56,pfo,3159
30.17,23803.81667,1800,56,urfo,4245
30.17,12134.63333,1800,56,urfo,4245
30.18,23553.20833,1800,56,urfo,4245
30.18,17268.175,1800,56,urfo,4245
30.18,22422.3,1800,56,urfo,4245
30.19,17479.1,1800,56,urfo,4245
30.19,17463.23333,1800,56,urfo,4245
30.19,18667.25,1800,56,urfo,4245
30.25,19109,440,56,pfo,3159
30.26,15156.41667,1800,56,urfo,4245
30.27,9898.8,1800,56,urfo,4245
30.29,18208.71667,1800,56,urfo,4245
30.3,22392.39167,1800,56,urfo,4245
30.31,11158.83333,1800,56,urfo,4245
30.34,23302.6,1800,56,urfo,4245
30.34,16936.95833,1800,56,urfo,4245
30.36,19725.6,440,56,pfo,3159
30.37,18696.7,1800,56,urfo,4245
30.38,17796.4,1800,56,urfo,4245
30.41,22427.625,1800,56,urfo,4245
30.5,12354.13333,1800,56,urfo,4245
30.5,12570.11667,1800,56,urfo,4245
30.5,24379.6,1800,56,urfo,4245
30.52,16303.25,1800,56,urfo,4245
30.52,17970.53333,1800,56,urfo,4245
30.54,15315.41667,1800,56,urfo,4245
30.56,20910.33333,1800,56,urfo,4245
30.57,13189.61667,1800,56,urfo,4245
30.58,10243.96667,9170,43,dfo,1828
30.6,17732.35,1800,56,urfo,4245
30.61,13658.58333,1800,56,urfo,4245
30.66,15921.3,1800,56,urfo,4245
30.66,11108.1,1800,56,urfo,4245
30.66,29527.1,1800,56,urfo,4245
30.68,24892.16667,1800,56,urfo,4245
30.71,15105.93333,1800,56,urfo,4245
30.72,17882.79167,1800,56,urfo,4245
30.74,15768.46667,1800,56,urfo,4245
30.75,22179.2,1800,56,urfo,4245
30.79,33523.925,1800,56,urfo,4245
30.82,9420.05,9170,43,dfo,1828
30.82,15181.65833,1800,56,urfo,4245
30.82,22173.9,1800,56,urfo,4245
30.85,19158.41667,1800,56,urfo,4245
30.85,12678.10833,1800,56,urfo,4245
30.86,18868.5,1800,56,urfo,4245
30.88,10953.875,1800,56,urfo,4245
30.88,32302.5,1800,56,urfo,4245
30.89,18242.15833,1800,56,urfo,4245
30.92,20232.49167,1800,56,urfo,4245
30.92,21997.40833,1800,56,urfo,4245
30.92,18446.9,1800,56,urfo,4245
30.92,31992.75833,1800,56,urfo,4245
30.96,20815.475,1800,56,urfo,4245
30.96,22728.8,1800,56,urfo,4245
30.96,28057.56667,1800,56,urfo,4245
30.98,21352.85833,1800,56,urfo,4245
31.01,31777.76667,1800,56,urfo,4245
31.01,19663.16667,1800,56,urfo,4245
31.01,13770.54167,1800,56,urfo,4245
31.01,17509.475,1800,56,urfo,4245
31.02,22672.46667,1800,56,urfo,4245
31.03,31327.63333,1800,56,urfo,4245
31.03,14356.3,1800,56,urfo,4245
31.05,16541.43333,1800,56,urfo,4245
31.09,29514.825,1800,56,urfo,4245
31.14,30877.5,1800,56,urfo,4245
31.17,19413.73333,1800,56,urfo,4245
31.18,11651.15833,1800,56,urfo,4245
31.18,29076.96667,1800,56,urfo,4245
31.2,19164.3,1800,56,urfo,4245
31.24,15206.9,1800,56,urfo,4245
31.24,13561.7,1800,56,urfo,4245
31.25,15984.825,1800,56,urfo,4245
31.26,25138.8,1800,56,urfo,4245
31.27,19344.575,1800,56,urfo,4245
31.28,9222.075,1800,56,urfo,4245
31.29,24645.53333,1800,56,urfo,4245
31.33,17696.13333,1800,56,urfo,4245
31.37,13882.5,1800,56,urfo,4245
31.38,26309.9,1800,56,urfo,4245
31.39,18079.33333,1800,56,urfo,4245
31.39,18069.45,1800,56,urfo,4245
31.41,20660.9,1800,56,urfo,4245
31.43,11815.26667,1800,56,urfo,4245
31.45,31683.01667,1800,56,urfo,4245
31.46,10408.75,9170,43,dfo,1828
31.48,15178.775,1800,56,urfo,4245
31.48,16779.61667,1800,56,urfo,4245
31.49,37493.21667,1800,56,urfo,4245
31.5,21084.16667,1800,56,urfo,4245
31.5,37412,1800,56,urfo,4245
31.5,19912.6,1800,56,urfo,4245
31.52,23091.40833,1800,56,urfo,4245
31.52,30427.36667,1800,56,urfo,4245
31.58,36979.99167,1800,56,urfo,4245
31.59,21621.55,1800,56,urfo,4245
31.6,30444.05,1800,56,urfo,4245
31.62,12786.1,1800,56,urfo,4245
31.63,15668.80833,440,56,pfo,3159
31.63,11979.375,1800,56,urfo,4245
31.63,29824.56667,1800,56,urfo,4245
31.67,26059.29167,1800,56,urfo,4245
31.71,12462.125,1800,56,urfo,4245
31.73,36115.975,1800,56,urfo,4245
31.78,19563.9,2880,61,urfo,1719
31.78,21977.325,2880,61,urfo,1719
31.79,22610.88333,2880,61,urfo,1719
31.79,14336.3,2880,61,urfo,1719
31.81,16987.79167,9170,43,dfo,1828
31.85,21890.24167,2880,61,urfo,1719
31.85,34387.94167,2880,61,urfo,1719
31.85,30134.30833,2880,61,urfo,1719
31.86,7364.816667,2880,61,urfo,1719
31.87,17399.76667,2880,61,urfo,1719
31.9,20136.66667,440,56,pfo,3159
31.9,13432.43333,2880,61,urfo,1719
31.91,19493.99167,2880,61,urfo,1719
31.94,17017.8,2880,61,urfo,1719
31.96,35683.96667,2880,61,urfo,1719
31.97,14426.8,440,56,pfo,3159
31.97,12390.91667,2880,61,urfo,1719
31.97,28626.83333,2880,61,urfo,1719
31.98,12647.2,2880,61,urfo,1719
32.01,19555.7,2880,61,urfo,1719
32.01,33955.93333,2880,61,urfo,1719
32.01,34819.95,2880,61,urfo,1719
32.01,35251.95833,2880,61,urfo,1719
32.01,18086.68333,2880,61,urfo,1719
32.01,24552.56667,2880,61,urfo,1719
32.03,12519.05833,2880,61,urfo,1719
32.03,16165.64167,2880,61,urfo,1719
32.03,36547.98333,2880,61,urfo,1719
32.04,14676.65,2880,61,urfo,1719
32.05,16457.1,2880,61,urfo,1719
32.06,15641.55,2880,61,urfo,1719
32.07,25808.68333,2880,61,urfo,1719
32.07,16256.05,2880,61,urfo,1719
32.12,24206.63333,2880,61,urfo,1719
32.15,24054.425,2880,61,urfo,1719
32.16,13892,8460,62,dfo,997
32.16,17893.63333,2880,61,urfo,1719
32.19,18376.96667,2880,61,urfo,1719
32.2,18546.5,2880,61,urfo,1719
32.21,19225,2880,61,urfo,1719
32.23,24577.30833,2880,61,urfo,1719
32.24,16346.45833,2880,61,urfo,1719
32.26,24398.9,2880,61,urfo,1719
32.29,7739.625,2880,61,urfo,1719
32.31,13081.13333,2880,61,urfo,1719
32.35,13546.625,2880,61,urfo,1719
32.37,15625.35,2880,61,urfo,1719
32.38,18058.49167,8460,62,dfo,997
32.4,28204.64167,2880,61,urfo,1719
32.4,19605.85,2880,61,urfo,1719
32.42,24611.4,2880,61,urfo,1719
32.42,24938.05833,2880,61,urfo,1719
32.42,24358.81667,2880,61,urfo,1719
32.45,28531.3,2880,61,urfo,1719
32.46,19717.70833,2880,61,urfo,1719
32.47,28176.7,2880,61,urfo,1719
32.49,21820.91667,2880,61,urfo,1719
32.53,18068.31667,2880,61,urfo,1719
32.58,18256.10833,2880,61,urfo,1719
32.63,20162.03333,2880,61,urfo,1719
32.64,24795.8,2880,61,urfo,1719
32.64,16075.23333,2880,61,urfo,1719
32.66,25264.71667,2880,61,urfo,1719
32.68,19382.13333,2880,61,urfo,1719
32.68,23341.8,2880,61,urfo,1719
32.69,37574.43333,2880,61,urfo,1719
32.71,22158.93333,2880,61,urfo,1719
32.74,14803.975,2880,61,urfo,1719
32.75,22880.21667,2880,61,urfo,1719
32.75,13406.58333,2880,61,urfo,1719
32.78,23188.55,2880,61,urfo,1719
32.81,20553.275,2880,61,urfo,1719
32.82,30753.79167,2880,61,urfo,1719
32.83,14654.75,2880,61,urfo,1719
32.84,19764.63333,2880,61,urfo,1719
32.85,24555.64167,2880,61,urfo,1719
32.86,22882.05,2880,61,urfo,1719
32.87,24305.03333,2880,61,urfo,1719
32.91,20242.9,2880,61,urfo,1719
32.92,21775.45,2880,61,urfo,1719
32.93,18219.41667,2880,61,urfo,1719
32.94,19409.2,8460,62,dfo,997
32.96,31373.275,2880,61,urfo,1719
32.97,19931.13333,440,56,pfo,3159
32.97,18394,2880,61,urfo,1719
32.99,25558.075,2880,61,urfo,1719
33,27276.43333,9170,43,dfo,1828
33.01,19139.05833,8460,62,dfo,997
33.03,20308.5,2880,61,urfo,1719
33.04,14953.2,2880,61,urfo,1719
33.06,15800.56667,440,56,pfo,3159
33.06,24806.25,2880,61,urfo,1719
33.07,18442.76667,2880,61,urfo,1719
33.09,20071.1,2880,61,urfo,1719
33.09,19086.5,2880,61,urfo,1719
33.1,27726.56667,2880,61,urfo,1719
33.11,18359.5,2880,61,urfo,1719
33.12,27877.98333,2880,61,urfo,1719
33.12,22919.1,2880,61,urfo,1719
33.13,14790.1,2880,61,urfo,1719
33.16,17901.25,9170,43,dfo,1828
33.17,17718.55833,9170,43,dfo,1828
33.17,21217.5,2880,61,urfo,1719
33.18,19270.275,2880,61,urfo,1719
33.18,23035.3,2880,61,urfo,1719
33.2,22829.375,2880,61,urfo,1719
33.21,13303.16667,2880,61,urfo,1719
33.22,18268.90833,2880,61,urfo,1719
33.25,18289.45833,2880,61,urfo,1719
33.27,20798.05,2880,61,urfo,1719
33.28,19899.3,2880,61,urfo,1719
33.3,15526.825,2880,61,urfo,1719
33.31,18083.94167,9170,43,dfo,1828
33.33,20411.46667,2880,61,urfo,1719
33.35,37655.65,2880,61,urfo,1719
33.36,16635.7,2880,61,urfo,1719
33.36,18143.81667,2880,61,urfo,1719
33.36,16436.86667,2880,61,urfo,1719
33.37,12262.775,2880,61,urfo,1719
33.39,15141.775,440,56,pfo,3159
33.39,23514.76667,2880,61,urfo,1719
33.45,23484.85,520,51,cfo,2278
33.51,25160.55,520,51,cfo,2278
33.52,24140.325,520,51,cfo,2278
33.52,23412.36667,520,51,cfo,2278
33.53,25056.85833,520,51,cfo,2278
33.56,23165.73333,520,51,cfo,2278
33.58,25493.7,520,51,cfo,2278
33.59,15131.175,520,51,cfo,2278
33.6,14505.525,520,51,cfo,2278
33.62,23659,520,51,cfo,2278
33.67,18328.63333,8460,62,dfo,997
33.69,23001.025,520,51,cfo,2278
33.7,17255.98333,520,51,cfo,2278
33.74,13515.06667,520,51,cfo,2278
33.74,17494.16667,520,51,cfo,2278
33.76,15742.7,520,51,cfo,2278
33.77,18598.775,8460,62,dfo,997
33.77,15756.275,520,51,cfo,2278
33.79,18344.8,520,51,cfo,2278
33.81,23266.35833,520,51,cfo,2278
33.82,10994.725,520,51,cfo,2278
33.86,17535.86667,9170,43,dfo,1828
33.86,23245.8,520,51,cfo,2278
33.89,17353.175,9170,43,dfo,1828
33.91,18149.375,520,51,cfo,2278
33.92,18868.91667,8460,62,dfo,997
33.94,17352.16667,520,51,cfo,2278
33.95,21055.06667,520,51,cfo,2278
33.95,13690.96667,520,51,cfo,2278
33.96,17170.48333,9170,43,dfo,1828
33.96,24725.53333,520,51,cfo,2278
33.97,26160,520,51,cfo,2278
33.98,20143.65,8460,62,dfo,997
33.99,19829.56667,520,51,cfo,2278
34,20510.875,8460,62,dfo,997
34.02,24409.79167,520,51,cfo,2278
34.05,26826.3,520,51,cfo,2278
34.08,17336.3,520,51,cfo,2278
34.09,24033.66667,520,51,cfo,2278
34.1,37736.86667,520,51,cfo,2278
34.14,23905.63333,520,51,cfo,2278
34.15,19363.5,520,51,cfo,2278
34.15,18748.2,520,51,cfo,2278
34.16,23047.86667,520,51,cfo,2278
34.17,26493.15,520,51,cfo,2278
34.21,25591.375,520,51,cfo,2278
34.22,19363.16667,520,51,cfo,2278
34.22,12972.65,520,51,cfo,2278
34.22,24152.26667,520,51,cfo,2278
34.25,23703.34167,520,51,cfo,2278
34.26,12755.68333,520,51,cfo,2278
34.27,26571.35,520,51,cfo,2278
34.35,17788.35,8460,62,dfo,997
34.35,27551.325,520,51,cfo,2278
34.35,14222.85,520,51,cfo,2278
34.36,25826.85,520,51,cfo,2278
34.41,25307.46667,520,51,cfo,2278
34.42,17894.475,520,51,cfo,2278
34.43,26244.69167,520,51,cfo,2278
34.44,19727.5,520,51,cfo,2278
34.45,15932.325,440,56,pfo,3159
34.52,21379.93333,520,51,cfo,2278
34.54,19776.425,8460,62,dfo,997
34.54,14878.25833,440,56,pfo,3159
34.56,15871,520,51,cfo,2278
34.57,37818.08333,520,51,cfo,2278
34.57,15412.1,520,51,cfo,2278
34.59,18948,520,51,cfo,2278
34.6,20878.1,8460,62,dfo,997
34.6,37980.51667,520,51,cfo,2278
34.62,24827.4,520,51,cfo,2278
34.63,22669.025,520,51,cfo,2278
34.67,21765.6,520,51,cfo,2278
34.68,19965.36667,520,51,cfo,2278
34.71,17410,440,56,pfo,3159
34.72,16064.08333,440,56,pfo,3159
34.73,37899.3,520,51,cfo,2278
34.75,14903.55,520,51,cfo,2278
34.76,25909.75,520,51,cfo,2278
34.76,17514.1,520,51,cfo,2278
34.77,21042.825,520,51,cfo,2278
34.79,15010.01667,440,56,pfo,3159
34.79,25918.03333,520,51,cfo,2278
34.79,13995.95,520,51,cfo,2278
34.83,15067.925,520,51,cfo,2278
34.89,24042.29167,8460,62,dfo,997
34.92,12915.36667,520,51,cfo,2278
34.93,24161.1,520,51,cfo,2278
34.94,17518.20833,8460,62,dfo,997
34.95,26898.00833,520,51,cfo,2278
34.97,31063.53333,520,51,cfo,2278
35,18018.725,9170,43,dfo,1828
35.01,15385.5,520,51,cfo,2278
35.03,24208.18333,520,51,cfo,2278
35.03,27793.55,520,51,cfo,2278
35.05,16380.96667,520,51,cfo,2278
35.09,24494.25,520,51,cfo,2278
35.09,38061.73333,520,51,cfo,2278
35.09,15017,520,51,cfo,2278
35.14,23687.73333,520,51,cfo,2278
35.18,17770.8,440,56,pfo,3159
35.2,21644.425,520,51,cfo,2278
35.2,13623.55,520,51,cfo,2278
35.22,12864.16667,520,51,cfo,2278
35.22,22756.25,520,51,cfo,2278
35.3,13173.9,520,51,cfo,2278
35.32,16992.9,520,51,cfo,2278
35.32,13732.03333,520,51,cfo,2278
35.32,21287.6,520,51,cfo,2278
35.36,18266.63333,9170,43,dfo,1828
35.37,17368.03333,520,51,cfo,2278
35.43,17248.06667,8460,62,dfo,997
35.45,21245.325,8460,62,dfo,997
35.46,16798.5,520,51,cfo,2278
35.5,20135.26667,520,51,cfo,2278
35.5,21532.375,520,51,cfo,2278
35.52,19162.43333,520,51,cfo,2278
35.53,19122.96667,520,51,cfo,2278
35.53,28672.4,520,51,cfo,2278
35.58,23860.7,520,51,cfo,2278
35.59,26160.9,520,51,cfo,2278
35.6,21777.15,520,51,cfo,2278
35.6,9200,0,56,cfo,13010
35.62,18560.23333,0,56,cfo,13010
35.63,21517.5,0,56,cfo,13010
35.65,15564.1,0,56,cfo,13010
35.67,23081.45,8460,62,dfo,997
35.68,16977.925,8460,62,dfo,997
35.68,18949.9,0,56,cfo,13010
35.69,15042.13333,0,56,cfo,13010
35.7,23815.9,8460,62,dfo,997
35.73,18143.1,0,56,cfo,13010
35.74,23448.675,8460,62,dfo,997
35.76,18679.75,0,56,cfo,13010
35.76,25658.6,0,56,cfo,13010
35.77,22714.225,8460,62,dfo,997
35.77,17590.4,440,56,pfo,3159
35.81,22021.925,0,56,cfo,13010
35.81,22511.475,0,56,cfo,13010
35.83,17229.6,440,56,pfo,3159
35.83,17394.83333,0,56,cfo,13010
35.86,14109.4,0,56,cfo,13010
35.88,20277,0,56,cfo,13010
35.88,24898.5,0,56,cfo,13010
35.88,25071.46667,0,56,cfo,13010
35.9,20892.63333,0,56,cfo,13010
35.98,19962.03333,0,56,cfo,13010
36.03,22347,8460,62,dfo,997
36.03,16814.3,0,56,cfo,13010
36.03,23921.83333,0,56,cfo,13010
36.07,20165.14167,0,56,cfo,13010
36.1,25458.23333,0,56,cfo,13010
36.11,18449.325,9170,43,dfo,1828
36.11,21573.575,0,56,cfo,13010
36.14,16707.78333,8460,62,dfo,997
36.14,21612.55,8460,62,dfo,997
36.18,21542.36667,0,56,cfo,13010
36.19,16708.09167,0,56,cfo,13010
36.21,28421.25,0,56,cfo,13010
36.21,25244.43333,0,56,cfo,13010
36.23,13044.63333,0,56,cfo,13010
36.26,18632.01667,9170,43,dfo,1828
36.3,16096.7,0,56,cfo,13010
36.31,22266.7,0,56,cfo,13010
36.36,21979.775,8460,62,dfo,997
36.4,16100.45,0,56,cfo,13010
36.44,27224.66667,0,56,cfo,13010
36.46,18814.70833,9170,43,dfo,1828
36.47,18997.4,9170,43,dfo,1828
36.49,38142.95,0,56,cfo,13010
36.51,20053.28333,0,56,cfo,13010
36.52,13820.23333,0,56,cfo,13010
36.54,15297.375,0,56,cfo,13010
36.58,17633.36667,0,56,cfo,13010
36.59,27001.5,0,56,cfo,13010
36.61,18532.5,0,56,cfo,13010
36.62,19502,0,56,cfo,13010
36.67,17171.5,0,56,cfo,13010
36.68,23827.95,0,56,cfo,13010
36.68,15985.725,0,56,cfo,13010
36.69,18901.35833,0,56,cfo,13010
36.73,15029.75,8460,62,dfo,997
36.75,13840.51667,0,56,cfo,13010
36.79,16195.84167,440,56,pfo,3159
36.8,26412.05,0,56,cfo,13010
36.81,18458.14167,0,56,cfo,13010
36.81,18760.96667,0,56,cfo,13010
36.82,15182.65,0,56,cfo,13010
36.88,15954.56667,0,56,cfo,13010
36.92,28170.1,0,56,cfo,13010
36.94,14768.85,0,56,cfo,13010
36.97,17275.56667,0,56,cfo,13010
37.08,18809.5,0,56,cfo,13010
37.11,26914.35,0,56,cfo,13010
37.2,21867.23333,0,56,cfo,13010
37.22,15130.45,0,56,cfo,13010
37.23,27165.5,0,56,cfo,13010
37.24,14078.76667,0,56,cfo,13010
37.29,26663.2,0,56,cfo,13010
37.29,17752.63333,0,56,cfo,13010
37.3,15257.3,8460,62,dfo,997
37.3,16238.83333,0,56,cfo,13010
37.33,21269.4,0,56,cfo,13010
37.34,14632.20833,0,56,cfo,13010
37.52,15482.23333,0,56,cfo,13010
37.53,14119.55,8460,62,dfo,997
37.55,22013.7,0,56,cfo,13010
37.55,13949.5,0,56,cfo,13010
37.6,19788.8,0,56,cfo,13010
37.61,21704.8,0,56,cfo,13010
37.61,18961.7,0,56,cfo,13010
37.63,16617.68333,0,56,cfo,13010
37.71,20405.33333,0,56,cfo,13010
37.71,27265.51667,0,56,cfo,13010
37.75,18671,0,56,cfo,13010
37.78,17049.2,440,56,pfo,3159
37.83,14208.03333,0,56,cfo,13010
37.84,18236.53333,0,56,cfo,13010
37.84,24006.575,0,56,cfo,13010
37.85,20443.05,9170,43,dfo,1828
37.87,20166.1,0,56,cfo,13010
37.95,16437.64167,8460,62,dfo,997
37.96,14905.49167,0,56,cfo,13010
37.99,22035.45,0,56,cfo,13010
38.04,20730.2,0,56,cfo,13010
38.04,15243.9,0,56,cfo,13010
38.07,13949,0,56,cfo,13010
38.12,20683.99167,9170,43,dfo,1828
38.14,25257.86667,0,56,cfo,13010
38.14,16215.175,0,56,cfo,13010
38.15,16327.6,440,56,pfo,3159
38.15,16917.76667,0,56,cfo,13010
38.16,15484.85,8460,62,dfo,997
38.16,17350.1,0,56,cfo,13010
38.17,20567.76667,0,56,cfo,13010
38.2,15196,0,56,cfo,13010
38.2,27529.53333,0,56,cfo,13010
38.22,27416.65,0,56,cfo,13010
38.27,20366.83333,0,56,cfo,13010
38.29,17941.4,0,56,cfo,13010
38.32,19151.6,0,56,cfo,13010
38.33,22246.64167,0,56,cfo,13010
38.38,9025.3,1350,45,ufo,5803
38.4,15712.4,8460,62,dfo,997
38.43,17538,1350,45,ufo,5803
38.46,25417.4,1350,45,ufo,5803
38.58,17871.9,1350,45,ufo,5803
38.61,24268.68333,8460,62,dfo,997
38.64,20525.1,1350,45,ufo,5803
38.64,26737.48333,1350,45,ufo,5803
38.71,27918.95,1350,45,ufo,5803
38.77,20967.95,1350,45,ufo,5803
38.77,15812.43333,1350,45,ufo,5803
38.82,16167.5,8460,62,dfo,997
38.87,17720.63333,1350,45,ufo,5803
38.91,14347.1,8460,62,dfo,997
38.95,15939.95,8460,62,dfo,997
38.96,14495.56667,1350,45,ufo,5803
39.01,22457.83333,1350,45,ufo,5803
39.08,24495.075,8460,62,dfo,997
39.11,17372.95,1350,45,ufo,5803
39.13,19353.3,1350,45,ufo,5803
39.14,20202.10833,9170,43,dfo,1828
39.14,20567.56667,1350,45,ufo,5803
39.15,21021.3,1350,45,ufo,5803
39.15,16329.9,1350,45,ufo,5803
39.2,21371.7,1350,45,ufo,5803
39.2,17546.79167,1350,45,ufo,5803
39.26,25057.5,1350,45,ufo,5803
39.27,17739.7,1350,45,ufo,5803
39.35,23401.75,1350,45,ufo,5803
39.39,17156.3,1350,45,ufo,5803
39.43,15339.11667,1350,45,ufo,5803
39.47,15052.88333,1350,45,ufo,5803
39.52,19640.5,1350,45,ufo,5803
39.59,17199.10833,1350,45,ufo,5803
39.61,24926.6,9170,43,dfo,1828
39.68,21824.25833,1350,45,ufo,5803
39.71,21169.825,1350,45,ufo,5803
39.74,19779,1350,45,ufo,5803
39.79,24674.8,9170,43,dfo,1828
39.8,21114.95,1350,45,ufo,5803
39.82,23603.35833,1350,45,ufo,5803
39.82,16527.275,1350,45,ufo,5803
39.83,17037.03333,1350,45,ufo,5803
39.83,17991.16667,1350,45,ufo,5803
39.84,20773.2,1350,45,ufo,5803
39.89,16868.8,440,56,pfo,3159
39.91,14337.3,1350,45,ufo,5803
39.96,20766.075,1350,45,ufo,5803
40.06,17383.9,1350,45,ufo,5803
40.11,24423,9170,43,dfo,1828
40.18,19555,1350,45,ufo,5803
40.22,21291.44167,1350,45,ufo,5803
40.26,21467.93333,1350,45,ufo,5803
40.27,14802.2,8460,62,dfo,997
40.29,19941.425,1350,45,ufo,5803
40.39,24721.46667,8460,62,dfo,997
40.4,19238.34167,9170,43,dfo,1828
40.48,23804.96667,1350,45,ufo,5803
40.51,38224.16667,1350,45,ufo,5803
40.54,26473.46667,1350,45,ufo,5803
40.57,27667.8,1350,45,ufo,5803
40.58,19917.5,1350,45,ufo,5803
40.63,18014.925,1350,45,ufo,5803
40.63,38630.6,1350,45,ufo,5803
40.71,38386.6,1350,45,ufo,5803
40.71,14909.76667,1350,45,ufo,5803
40.71,25681.41667,1350,45,ufo,5803
40.73,19269.1,1350,45,ufo,5803
40.75,19442.33333,1350,45,ufo,5803
40.78,24947.85833,8460,62,dfo,997
40.81,20924.93333,9170,43,dfo,1828
40.83,25400.64167,8460,62,dfo,997
40.84,15670.3,1350,45,ufo,5803
40.85,25174.25,8460,62,dfo,997
40.85,22261.8,1350,45,ufo,5803
40.91,26185.6,9170,43,dfo,1828
40.96,23200.14167,1350,45,ufo,5803
40.98,25682,9170,43,dfo,1828
40.99,22029.66667,1350,45,ufo,5803
40.99,38305.38333,1350,45,ufo,5803
41.01,25430.2,9170,43,dfo,1828
41.02,25178.4,9170,43,dfo,1828
41.03,26437.4,9170,43,dfo,1828
41.06,20768.3,1350,45,ufo,5803
41.07,21613.06667,1350,45,ufo,5803
41.09,27192.8,9170,43,dfo,1828
41.12,25933.8,9170,43,dfo,1828
41.12,26941,9170,43,dfo,1828
41.13,19095.86667,1350,45,ufo,5803
41.15,25627.03333,8460,62,dfo,997
41.22,26689.2,9170,43,dfo,1828
41.22,14358.925,1350,45,ufo,5803
41.24,19615.56667,1350,45,ufo,5803
41.25,22192.1,1350,45,ufo,5803
41.26,27444.6,9170,43,dfo,1828
41.33,25853.425,8460,62,dfo,997
41.39,24211.80833,9170,43,dfo,1828
41.44,26079.81667,8460,62,dfo,997
41.45,38874.6,1350,45,ufo,5803
41.51,26209.45,1350,45,ufo,5803
41.53,39118.6,1350,45,ufo,5803
41.57,16508,440,56,pfo,3159
41.64,19961.16667,9170,43,dfo,1828
41.72,16688.4,440,56,pfo,3159
41.76,20938.45833,1350,45,ufo,5803
41.8,17025.26667,1350,45,ufo,5803
41.82,18110.43333,1350,45,ufo,5803
41.84,19756.7,1350,45,ufo,5803
41.86,39850.6,1350,45,ufo,5803
41.88,14085.64167,1350,45,ufo,5803
41.93,22509.9,1350,45,ufo,5803
41.94,14574.65,8460,62,dfo,997
41.94,20056,1350,45,ufo,5803
42.02,39606.6,1350,45,ufo,5803
42.03,19479.28333,9170,43,dfo,1828
42.06,17793.31667,1350,45,ufo,5803
42.08,25945.43333,1350,45,ufo,5803
42.14,15386.03333,1350,45,ufo,5803
42.18,18922.63333,1350,45,ufo,5803
42.25,14222.28333,1350,45,ufo,5803
42.25,22758,1070,47,ufo,4162
42.28,21165.875,9170,43,dfo,1828
42.29,20761.96667,1070,47,ufo,4162
42.3,26532.6,8460,62,dfo,997
42.36,22998.53333,1070,47,ufo,4162
42.38,40094.6,1070,47,ufo,4162
42.4,39362.6,1070,47,ufo,4162
42.41,15528.16667,1070,47,ufo,4162
42.42,16503.74167,1070,47,ufo,4162
42.43,19720.225,9170,43,dfo,1828
42.56,14766.65,1070,47,ufo,4162
42.67,20564.2,1070,47,ufo,4162
42.68,24456.4,1070,47,ufo,4162
42.71,26306.20833,8460,62,dfo,997
42.8,18229.7,1070,47,ufo,4162
43.04,47724.43333,1070,47,ufo,4162
43.09,20979.49167,1070,47,ufo,4162
43.12,21406.81667,9170,43,dfo,1828
43.14,23006.1,1070,47,ufo,4162
43.27,24857.13333,1070,47,ufo,4162
43.28,24656.76667,1070,47,ufo,4162
43.31,47279.16667,1070,47,ufo,4162
43.33,48169.7,1070,47,ufo,4162
43.33,48614.96667,1070,47,ufo,4162
43.38,40338.6,1070,47,ufo,4162
43.49,14480.41667,1070,47,ufo,4162
43.51,16851.425,1070,47,ufo,4162
43.59,21401.875,1070,47,ufo,4162
43.63,16677.58333,1070,47,ufo,4162
43.71,40582.6,1070,47,ufo,4162
43.78,14623.53333,1070,47,ufo,4162
43.87,40826.6,1070,47,ufo,4162
44.1,49060.23333,1070,47,ufo,4162
44.13,46833.9,1070,47,ufo,4162
44.21,21190.68333,1070,47,ufo,4162
44.21,23254.2,1070,47,ufo,4162
44.22,24256.03333,1070,47,ufo,4162
44.29,18749.4,1070,47,ufo,4162
44.39,49505.5,1070,47,ufo,4162
44.69,22796.925,1070,47,ufo,4162
44.79,24055.66667,1070,47,ufo,4162
44.87,24000.61667,9170,43,dfo,1828
44.94,26713.88333,8460,62,dfo,997
44.95,49950.76667,1070,47,ufo,4162
44.97,19958.575,1070,47,ufo,4162
45.05,50396.03333,1070,47,ufo,4162
45.16,50841.3,1070,47,ufo,4162
45.52,20362.325,1070,47,ufo,4162
45.54,46388.63333,1070,47,ufo,4162
45.79,41314.6,1070,47,ufo,4162
45.87,18576.16667,1070,47,ufo,4162
45.88,20585.475,1070,47,ufo,4162
45.92,18402.93333,1070,47,ufo,4162
46.17,20160.45,1070,47,ufo,4162
46.31,41070.6,1070,47,ufo,4162
46.43,23789.425,9170,43,dfo,1828
46.45,41663.225,1070,47,ufo,4162
46.59,22393.70833,1070,47,ufo,4162
46.9,26895.16667,8460,62,dfo,997
46.9,22595.31667,1070,47,ufo,4162
47.1,23855.3,1070,47,ufo,4162
47.36,27076.45,8460,62,dfo,997
47.47,23578.23333,9170,43,dfo,1828
47.48,20408.98333,1070,47,ufo,4162
47.71,23367.04167,9170,43,dfo,1828
47.71,23454.56667,1070,47,ufo,4162
47.71,45943.36667,1070,47,ufo,4162
47.74,23155.85,9170,43,dfo,1828
47.99,27801.58333,8460,62,dfo,997
48.11,27257.73333,8460,62,dfo,997
48.11,27620.3,8460,62,dfo,997
48.13,45498.1,1070,47,ufo,4162
48.2,23654.93333,1070,47,ufo,4162
48.29,27439.01667,8460,62,dfo,997
48.29,27982.86667,8460,62,dfo,997
48.31,28164.15,8460,62,dfo,997
48.39,22944.65833,9170,43,dfo,1828
48.88,28345.43333,8460,62,dfo,997
49.67,22733.46667,9170,43,dfo,1828
50.03,28526.71667,8460,62,dfo,997
50.34,43754.975,1070,47,ufo,4162
50.49,42011.85,1070,47,ufo,4162
50.54,21647.75833,9170,43,dfo,1828
50.69,21888.7,9170,43,dfo,1828
51.09,43406.35,1070,47,ufo,4162
51.13,22522.275,9170,43,dfo,1828
51.24,43057.725,1070,47,ufo,4162
51.72,28708,8460,62,dfo,997
51.75,22099.89167,9170,43,dfo,1828
51.92,45149.475,1070,47,ufo,4162
52.11,22311.08333,9170,43,dfo,1828
52.18,39915.6,8460,62,dfo,997
52.37,42709.1,1070,47,ufo,4162
52.38,42360.475,1070,47,ufo,4162
52.67,44103.6,1070,47,ufo,4162
53.03,36494.875,8460,62,dfo,997
53.05,44800.85,1070,47,ufo,4162
53.2,37472.225,8460,62,dfo,997
53.27,36983.55,8460,62,dfo,997
53.41,36006.2,8460,62,dfo,997
53.57,37960.9,8460,62,dfo,997
54.03,38449.575,8460,62,dfo,997
54.08,38938.25,8460,62,dfo,997
54.16,35517.525,8460,62,dfo,997
54.19,39426.925,8460,62,dfo,997
54.25,44452.225,1070,47,ufo,4162
54.51,35028.85,8460,62,dfo,997
54.99,29598.58333,8460,62,dfo,997
56.1,34540.175,8460,62,dfo,997
56.27,34051.5,8460,62,dfo,997
56.53,29153.29167,8460,62,dfo,997
56.53,33606.20833,8460,62,dfo,997
57.77,33160.91667,8460,62,dfo,997
57.92,30043.875,8460,62,dfo,997
59.51,30489.16667,8460,62,dfo,997
59.59,32270.33333,8460,62,dfo,997
59.7,32715.625,8460,62,dfo,997
59.82,30934.45833,8460,62,dfo,997
59.89,31825.04167,8460,62,dfo,997
60.3,31379.75,8460,62,dfo,997
